user_1,user_2,relationship,closeness
90,43,acquaintance,0.3107054077753468
31,99,friend,0.8890121459762713
62,74,acquaintance,0.3095314525620965
87,48,acquaintance,0.2796193652227906
2,28,friend,0.5881731769788785
78,85,friend,0.5510553307377717
66,16,acquaintance,0.2284846831702007
40,31,friend,0.7303816531324812
93,63,friend,0.7122989141297863
28,69,acquaintance,0.3043931789018258
61,25,acquaintance,0.21602679089023236
26,8,acquaintance,0.40696940696878786
66,57,friend,0.956991838420552
8,20,friend,0.9904645857874563
77,5,friend,0.7089108211175942
54,83,acquaintance,0.2741808670184485
86,91,friend,0.7891873142397853
83,66,acquaintance,0.21920628256105704
54,53,acquaintance,0.2443994852280523
64,73,friend,0.6216303258898296
14,8,friend,0.9127871621005451
34,89,friend,0.804104416485544
43,83,acquaintance,0.21903732090910183
21,58,friend,0.6084574565782828
30,68,acquaintance,0.2299304061417578
27,26,acquaintance,0.2510639515903813
37,23,friend,0.9417350392140305
27,88,acquaintance,0.17548962950015362
73,32,friend,0.9839661231489448
66,91,friend,0.6278713130108015
98,8,acquaintance,0.26472187116744517
7,98,acquaintance,0.0
98,28,friend,1.0
64,4,friend,0.8408831646501889
48,46,acquaintance,0.04507860687791451
67,9,friend,0.72757854031814
78,72,acquaintance,0.39865990412194807
77,29,acquaintance,0.26086182167134625
77,60,friend,0.6912313071320594
66,45,acquaintance,0.4485873389007937
34,63,acquaintance,0.12711032268564243
62,35,friend,1.0
93,57,acquaintance,0.10415989093661457
27,14,acquaintance,0.29131844021168324
64,62,friend,0.7355895634590135
40,55,acquaintance,0.17431097978092508
2,54,friend,0.7483500861003974
25,20,friend,0.8490675816893902
26,48,friend,0.9662957187664716
60,54,acquaintance,0.22756243104864735
56,45,acquaintance,0.3340816303151473
42,82,acquaintance,0.37144967989203564
84,99,friend,0.7657346614724304
89,18,acquaintance,0.21892378499156756
21,1,friend,0.7163062969168541
35,13,friend,0.7180863692860495
17,74,friend,0.5007323875283088
61,41,friend,0.8823890807069548
25,70,friend,0.8444273679054535
17,65,acquaintance,0.13320434615513754
53,4,friend,0.8611297629849054
65,67,acquaintance,0.17630227223396747
0,93,acquaintance,0.09857120777034212
79,42,acquaintance,0.19672734434348754
16,65,friend,0.8236529036976109
4,88,acquaintance,0.20945072445053303
40,16,friend,0.6150734719901666
99,18,acquaintance,0.39597865836189433
84,62,acquaintance,0.19208888562266455
44,56,acquaintance,0.38513467787400923
71,21,friend,0.8596224373153442
52,28,acquaintance,0.0
34,11,acquaintance,0.4689497549536718
97,4,friend,0.5694663890398841
53,14,acquaintance,0.07297391571760431
22,93,acquaintance,0.021681090542867126
79,10,friend,0.7110823889654184
42,9,acquaintance,0.23164021045956376
66,15,friend,0.5714309303449062
44,48,acquaintance,0.31809744668543205
33,67,friend,0.5576297909741382
32,29,acquaintance,0.10403079774754911
74,30,acquaintance,0.14576660149116483
72,57,acquaintance,0.0813437592559624
95,75,friend,0.6138239092630741
64,93,acquaintance,0.4485030855919223
46,56,friend,0.7122203933737923
86,93,friend,0.5875372903405848
3,47,friend,0.4293627910889651
93,14,friend,0.6999709288533615
2,16,acquaintance,0.32743375569600663
68,99,friend,0.6850289572548269
15,65,acquaintance,0.4941472462623119
54,79,friend,0.8438929914712209
68,99,acquaintance,0.11903640959943906
27,58,acquaintance,0.3813838119765293
80,42,friend,0.9362509997646177
53,82,acquaintance,0.053674818089450904
13,35,acquaintance,0.3322312142467395
64,39,friend,0.9239831235804864
85,16,friend,1.0
9,90,acquaintance,0.14762500754518681
79,16,acquaintance,0.3896430543238447
35,57,acquaintance,0.3399037096500064
95,62,friend,0.9689901053477894
9,77,acquaintance,0.19079470736678356
13,81,friend,0.6356802720658069
32,40,friend,0.7309019536621011
91,42,acquaintance,0.03374142034767169
19,22,acquaintance,0.3890810407427524
6,80,acquaintance,0.3476565249650102
79,13,acquaintance,0.18784235201117144
18,26,acquaintance,0.2582992297966671
19,1,acquaintance,0.1954642057082881
71,0,acquaintance,0.052252862982850895
22,26,friend,0.9912480659717036
99,45,acquaintance,0.2539869735047534
55,88,friend,0.7140272977654113
56,64,acquaintance,0.21478857318409972
5,95,acquaintance,0.5800706198753882
22,92,friend,0.6671750293533178
75,87,friend,0.5985985448320803
87,45,acquaintance,0.33917129841728977
98,81,acquaintance,0.5559658757208606
61,53,friend,0.6332587727812682
49,59,friend,0.772360855107428
41,79,friend,0.5876393551036561
25,8,acquaintance,0.11748650665426469
5,62,acquaintance,0.44150496143439444
89,53,friend,0.6067849180613036
94,55,acquaintance,0.2033310641503684
69,65,friend,0.7286121582080134
80,51,friend,0.7387869149878591
97,46,friend,0.7822243027614842
94,2,acquaintance,0.3549782735383499
61,75,friend,1.0
86,93,acquaintance,0.4199581044588009
46,78,friend,0.7664514572826083
45,77,friend,0.6969488778095622
17,29,acquaintance,0.20429693860004625
76,75,acquaintance,0.3133253893675997
90,30,friend,0.8223088912360009
19,83,friend,0.616346289744236
66,18,friend,0.670799725239035
24,72,friend,0.7769795742377937
28,8,acquaintance,0.20646381537032588
49,43,acquaintance,0.42896783643969916
99,21,friend,0.5024155552105073
90,32,acquaintance,0.30361942272656123
82,93,friend,0.936107447469346
99,85,acquaintance,0.04076624135450871
31,34,acquaintance,0.3883653545671497
87,17,acquaintance,0.612370937234777
54,52,acquaintance,0.1746071066519942
7,2,acquaintance,0.4904409387625099
35,5,acquaintance,0.06989274642373072
44,5,friend,0.7620720798246285
1,16,acquaintance,0.18909668811283753
75,94,friend,0.7452512328300155
3,44,acquaintance,0.4207637473644859
29,90,acquaintance,0.24740618344248272
18,63,acquaintance,0.0
31,17,acquaintance,0.28980486255608023
57,85,friend,0.8349414318628171
92,94,friend,0.8083347174973239
82,14,acquaintance,0.19642409070635886
4,28,friend,0.5020419064667938
79,29,friend,0.6183078448397601
99,20,friend,0.6407030791433871
0,34,friend,1.0
20,52,acquaintance,0.0848481846834428
44,20,acquaintance,0.2207739688393664
67,44,friend,0.7848808353515598
62,25,acquaintance,0.42695149993464854
12,62,acquaintance,0.341321055655471
81,78,acquaintance,0.04896529246432313
20,26,acquaintance,0.21062051508984894
53,83,acquaintance,0.16268879799166874
6,5,friend,0.772161989898567
16,56,acquaintance,0.2691076363113399
99,69,friend,0.8670671098834549
84,88,friend,0.5353168127916665
72,73,acquaintance,0.3911217415492847
75,44,friend,0.7383451908179574
91,66,friend,0.7753427767221589
99,47,friend,0.6870911496261054
25,19,friend,0.7384491867364418
16,14,friend,1.0
29,15,friend,0.7590397544491991
88,86,acquaintance,0.3421414596727336
23,17,friend,0.7003623561285945
78,91,acquaintance,0.21490961884071658
62,74,friend,0.5352500130697811
2,9,acquaintance,0.4142261264012034
35,57,friend,0.8007531608468959
95,35,acquaintance,0.27691322401101004
58,89,friend,0.6008726407731794
46,78,acquaintance,0.27186133513963195
74,34,friend,0.6949916457817181
6,58,acquaintance,0.17573442327680672
99,59,friend,0.9414150388142281
84,86,friend,0.6795490970688924
63,66,friend,0.9594195245896294
3,78,friend,0.6703699595025677
5,39,friend,0.7423913434058562
72,68,acquaintance,0.36842109968757025
89,81,friend,0.9776787136338936
59,3,friend,0.6776589268883406
65,22,acquaintance,0.36761253438417507
85,73,acquaintance,0.3653233222732594
55,94,friend,0.8434759165222302
78,79,friend,0.5558310454992663
81,20,acquaintance,0.14719008110352205
95,0,friend,0.6334927925572799
45,44,friend,0.4336686931793306
55,80,friend,0.5755083089660773
24,35,friend,0.6974902442468125
14,28,acquaintance,0.3495730226319601
98,11,friend,0.43092912441015574
74,30,acquaintance,0.23820865125836904
73,28,friend,0.519427894366481
58,52,acquaintance,0.38674498316042516
88,43,acquaintance,0.030217040340203782
61,9,friend,0.6522612190123102
5,95,acquaintance,0.15349506399156881
57,48,acquaintance,0.0
87,30,friend,0.5853035206972621
59,95,acquaintance,0.03975022628348282
41,39,friend,0.7101834495378089
4,94,acquaintance,0.15280292938679324
12,81,friend,0.46468267075967634
30,63,friend,0.8454239438715819
87,40,acquaintance,0.09400136607550724
14,11,acquaintance,0.19325725898470003
40,91,friend,0.7388211057075138
53,29,friend,0.822522668995563
33,43,acquaintance,0.5223927181155648
74,33,friend,0.7464174912975363
40,76,acquaintance,0.39351573975319876
80,78,acquaintance,0.28680138138369
22,77,friend,0.6317047653290193
72,31,acquaintance,0.5273511159499384
72,19,acquaintance,0.14404933941257353
44,7,friend,0.8261330313943795
43,49,acquaintance,0.12610989494273914
64,91,friend,0.6221552505418201
27,77,acquaintance,0.5231180725941758
72,15,friend,0.8092983915956389
5,1,friend,0.8282421309963991
88,26,friend,0.8501218837615815
85,95,acquaintance,0.21557302167398718
91,96,friend,0.44334420854946516
37,87,friend,0.5294305917430266
37,91,friend,0.9778591669373349
51,33,friend,0.8471743726413148
84,23,acquaintance,0.0
40,57,friend,0.45104521777258855
94,34,friend,0.7139834470985373
72,54,acquaintance,0.41934195383650913
76,31,acquaintance,0.2059942828700468
44,73,friend,0.8592214472533631
30,63,friend,0.7899127716836428
95,16,friend,0.5370647766073023
58,2,acquaintance,0.06432118707096215
25,21,friend,0.7562840055826964
71,55,acquaintance,0.2717116125173271
31,75,acquaintance,0.22806091164704212
86,48,friend,1.0
24,96,acquaintance,0.3448830633823819
45,33,friend,0.6784382069548917
90,11,friend,0.8136232041076088
17,9,friend,0.7257633860402498
34,13,acquaintance,0.08304466827608739
3,52,acquaintance,0.36806091737621144
28,7,friend,0.8338332595685531
62,8,acquaintance,0.30646640764079996
16,45,acquaintance,0.14188125147340397
65,72,friend,0.6894435144868951
88,43,acquaintance,0.33654266376322284
91,70,acquaintance,0.2335922041541356
51,21,friend,1.0
54,28,friend,0.7389570323365564
68,64,friend,0.48862753121931923
14,95,acquaintance,0.4689878756770316
28,78,acquaintance,0.40131160102572716
15,86,acquaintance,0.1724244977414718
49,88,friend,0.8160320227364052
77,0,friend,0.7596143870909939
99,68,friend,0.9074637700443811
71,60,friend,0.7926639385689064
34,29,friend,0.6294018035274077
91,67,friend,0.6879193574628772
64,90,acquaintance,0.3305869534222842
7,24,friend,0.6199147999618506
44,84,acquaintance,0.1909270701633726
89,20,acquaintance,0.15488517136615476
91,99,friend,0.9463311077266003
69,42,friend,0.7365076352861408
44,46,friend,0.728922096440465
36,35,friend,0.6322212182188334
4,27,friend,0.8777039057793432
84,86,friend,0.6234681526893887
16,65,friend,0.616093880906966
83,50,acquaintance,0.2863899446965753
70,69,friend,0.7742441022104015
76,69,acquaintance,0.301494520066605
78,36,acquaintance,0.10652096633523825
2,72,acquaintance,0.4549741972034623
88,90,acquaintance,0.40733399288768224
18,83,acquaintance,0.11529114002351451
1,17,acquaintance,0.12116337865082369
37,21,acquaintance,0.23385795626765013
63,38,friend,0.7252199956947211
91,40,friend,0.6321232926751807
87,44,acquaintance,0.28148926273002806
44,85,friend,0.6938725233852107
67,73,friend,0.895866549268947
32,69,friend,0.8348057821738186
45,68,friend,0.937210834372594
78,83,acquaintance,0.6078241811658833
72,96,acquaintance,0.24909756524703686
61,95,friend,0.6089858273155768
29,63,acquaintance,0.20594282692473154
96,82,friend,0.8262080240706359
36,91,acquaintance,0.1505458339748333
95,36,acquaintance,0.3507135852934706
84,25,friend,0.885269361409486
41,63,friend,0.9969254462069058
15,35,acquaintance,0.03589885290071976
40,21,friend,0.5641301067015321
93,36,friend,0.8190889020464075
96,13,acquaintance,0.09386445262877868
76,16,friend,0.6168978755101153
19,79,acquaintance,0.24969365837910498
90,58,friend,0.6839757088612591
34,62,acquaintance,0.10642048206180865
84,98,friend,0.8191659608384079
75,48,acquaintance,0.0
44,13,acquaintance,0.08981170492682053
76,93,friend,0.6095754279955621
71,88,acquaintance,0.4870234523425281
77,81,acquaintance,0.41722746769974334
94,7,friend,0.8464810212953595
16,33,acquaintance,0.24480881356039608
79,21,friend,0.8640386078806767
57,65,friend,0.7650895107973479
96,25,friend,0.8258799284663078
17,87,friend,0.7933021616713315
33,18,acquaintance,0.21083121992140383
79,72,acquaintance,0.28107240608232076
11,23,friend,0.5193850663635167
16,22,friend,0.9084281208444134
15,27,acquaintance,0.3929886432422913
31,7,friend,0.8103665105774625
97,66,acquaintance,0.0
83,86,friend,0.8835090913886793
18,74,friend,0.853595304879073
50,84,acquaintance,0.20665127502619945
64,44,friend,0.7296157190285499
25,11,friend,0.6948086048361547
22,83,acquaintance,0.05849337315075817
89,15,friend,0.6904065393647559
51,79,friend,0.8678025462822886
77,51,acquaintance,0.032192337183236386
11,18,friend,1.0
47,92,acquaintance,0.28502029507968907
82,78,friend,0.8407847793332315
61,28,friend,0.8198514843449154
36,69,friend,0.8605678844144524
25,78,acquaintance,0.03864540364000177
66,86,acquaintance,0.0
36,55,acquaintance,0.30697735082515465
31,18,friend,0.6096656134942697
33,75,acquaintance,0.14025641490956098
62,58,friend,0.45207786419124407
61,6,friend,0.7300608576658822
11,4,friend,0.8785561866225381
66,26,friend,0.6227298020413183
72,38,friend,0.6008582176588361
15,86,acquaintance,0.30540643599999695
97,91,friend,0.6243939763300206
8,95,acquaintance,0.27218020552173205
29,46,acquaintance,0.2867495832865877
68,63,acquaintance,0.20343301251120882
23,49,acquaintance,0.4816104776607415
16,54,acquaintance,0.3653062464195059
7,24,acquaintance,0.37383084877097217
85,64,friend,0.9864136532459891
29,36,friend,0.59073110223696
2,91,acquaintance,0.34506231335422693
45,35,friend,0.7773938611853821
36,35,friend,0.9563203925339296
51,71,friend,1.0
34,54,friend,0.6427585761157009
60,29,friend,0.6429321942856863
59,27,friend,1.0
80,22,friend,0.6468374310340222
47,97,acquaintance,0.0
56,33,friend,0.7934946000215557
69,54,friend,0.6530256500482453
27,93,acquaintance,0.2724358805860068
30,49,friend,1.0
45,28,acquaintance,0.4537794053155386
25,84,acquaintance,0.36035029439391586
11,59,friend,0.8698422448709966
96,78,acquaintance,0.1684431958901092
12,52,friend,0.6320476193643508
84,86,acquaintance,0.3426087391499623
2,99,acquaintance,0.15879123016565255
56,61,acquaintance,0.1408277072504585
85,73,friend,0.670885118978889
90,95,acquaintance,0.1340803654057644
52,54,acquaintance,0.4399511024099522
3,35,friend,0.5234213859344953
55,32,friend,0.8707995122288908
59,91,friend,0.8292630968485026
70,44,friend,0.8698533306614051
89,52,friend,0.6115836887232489
24,70,acquaintance,0.019108092484441036
88,84,friend,0.5408805087340418
32,25,friend,0.6806825430280691
69,3,friend,0.8486791736535626
87,58,acquaintance,0.3525681531301332
35,16,acquaintance,0.44016479447806967
3,35,acquaintance,0.11888238487479766
77,61,friend,1.0
55,84,acquaintance,0.22608893782749975
13,69,friend,0.6128940237047384
81,54,friend,0.7025109212475331
42,98,friend,0.5837368911674161
60,11,friend,0.6513666445922466
2,32,acquaintance,0.20239352983738834
74,48,friend,0.870250283734447
36,9,friend,0.7986470953236298
38,36,acquaintance,0.3574814281134299
45,53,acquaintance,0.3657391128202945
46,45,acquaintance,0.2658044556102388
18,44,friend,0.6858675491737598
0,85,acquaintance,0.23247379780441274
50,15,friend,0.5480563792342902
22,60,friend,0.9271521821712114
46,70,friend,0.7218615783953316
31,14,acquaintance,0.2844448931419422
75,87,friend,0.8503830075845702
14,23,acquaintance,0.14921178342312003
83,75,friend,0.9118097193899022
9,92,friend,1.0
26,28,acquaintance,0.11310939621638477
60,63,friend,0.9105544166641062
0,40,friend,0.7522970841739962
37,78,acquaintance,0.2044319193737806
6,81,friend,0.6366755945932734
68,97,friend,0.7098842445842589
75,22,acquaintance,0.0
13,27,friend,0.7420389027745988
7,19,acquaintance,0.3554562234629181
53,21,friend,0.6772824805779103
85,88,friend,0.7645740813332564
88,63,acquaintance,0.25915050206785595
40,41,friend,0.6371883932426535
22,98,acquaintance,0.1850056212652072
7,8,acquaintance,0.2634223054897942
69,7,acquaintance,0.37813965598400073
40,38,friend,0.7969349326891363
28,77,friend,0.7724395051321655
39,98,friend,0.5165795462606781
51,19,acquaintance,0.32580059228536856
82,75,acquaintance,0.13394113656009726
0,55,acquaintance,0.34249704455260566
4,32,acquaintance,0.18839234560981288
10,39,acquaintance,0.17612164400371522
75,48,friend,0.80261393140129
9,90,friend,0.8358835623482067
79,62,acquaintance,0.11012487043020469
52,10,acquaintance,0.4754687899560056
54,59,friend,0.7485156703493611
42,71,friend,0.6962380613962366
54,14,acquaintance,0.1900727464572214
25,33,acquaintance,0.372154455331301
54,21,friend,0.75867885753909
22,67,acquaintance,0.43406056512479335
68,33,acquaintance,0.0
87,66,friend,0.5816855707522912
89,61,acquaintance,0.037616750266107724
6,35,friend,0.9883153249619461
90,18,friend,0.4785121645807816
23,31,acquaintance,0.22553494088419448
81,89,friend,0.8482364904161043
72,7,acquaintance,0.4109160714383343
8,37,friend,0.6964097028991661
10,11,acquaintance,0.27330228562532594
49,40,acquaintance,0.1915169009343233
40,5,friend,0.5399218907727126
54,85,acquaintance,0.2146780848735672
83,89,friend,0.5594082661318889
36,59,friend,0.7320807363286128
75,93,acquaintance,0.4717682435269007
96,23,acquaintance,0.3320502479127985
64,55,friend,0.7456800062288068
37,42,friend,0.5889820084273016
54,14,friend,0.5770473606961297
77,29,friend,0.8005850182452589
91,69,friend,0.621435818462889
70,12,acquaintance,0.18848076176964507
74,8,friend,1.0
19,11,friend,0.8245767273073528
31,19,acquaintance,0.0
65,23,friend,0.7746550158630351
13,55,friend,0.6591967119666591
87,80,friend,0.5956337856110867
59,91,acquaintance,0.05799403867178948
41,83,friend,0.5996658783786855
32,78,acquaintance,0.30970207286579793
12,45,acquaintance,0.10903671274480017
82,79,friend,0.7523168326344108
24,14,friend,0.5722996939750531
82,78,acquaintance,0.05061195267923568
22,50,friend,0.7101846640692792
47,50,acquaintance,0.2191484077210327
17,95,friend,0.42484038560604903
41,20,friend,0.7467000344238065
1,43,friend,0.8931469530877272
3,30,acquaintance,0.3304707132406599
23,4,friend,0.8028687019392109
35,2,friend,0.5538363349141946
16,90,friend,0.5153593847906836
82,35,friend,0.6550761708841113
70,62,friend,0.6766466468367826
7,80,acquaintance,0.33277966163760553
28,5,friend,0.8684758942530058
93,55,friend,0.6313924379118748
28,89,acquaintance,0.0
89,28,acquaintance,0.37619921765468456
41,86,acquaintance,0.23459515822898766
31,6,friend,0.7098028286664674
32,19,acquaintance,0.17755385867101495
12,31,acquaintance,0.06639404579434202
92,2,friend,0.6540047627552749
21,13,friend,0.991337862916007
78,41,friend,0.796612025206669
27,44,friend,0.8783784244569695
77,91,acquaintance,0.24755126463060584
39,66,friend,0.6931769004053432
60,55,friend,0.6119009648800533
37,7,acquaintance,0.4594304534125721
1,46,acquaintance,0.5061417938790789
7,2,acquaintance,0.5575594229180818
98,93,friend,0.44970596456474515
60,26,friend,0.8308930026776365
32,3,friend,0.7279793813618031
68,0,acquaintance,0.2770778395106582
38,91,acquaintance,0.3374502971526148
47,83,acquaintance,0.0
53,22,acquaintance,0.3620992577573723
14,62,friend,0.7301023977064403
17,84,friend,0.593221969325759
65,20,acquaintance,0.30901874562761306
25,40,friend,0.7482771500717117
41,47,acquaintance,0.09632761776550655
43,75,friend,0.6898360455318368
9,5,friend,0.7796492005314232
72,82,acquaintance,0.2998271983786686
96,39,acquaintance,0.16009689555734852
19,61,friend,0.7305906823364775
90,65,acquaintance,0.18281429083512657
40,39,friend,0.6035576756996115
96,53,acquaintance,0.05577625937894823
79,66,acquaintance,0.47918807037739974
73,68,friend,0.6321632295535203
85,7,acquaintance,0.0
9,80,acquaintance,0.16293417903732924
38,28,friend,0.8453688976913036
72,43,acquaintance,0.28071685565457094
74,67,friend,0.6551564781389289
75,23,acquaintance,0.27156693006041993
43,54,acquaintance,0.21681146430661985
14,92,acquaintance,0.05560607451368438
83,55,friend,0.840972211547881
15,8,acquaintance,0.29700366402054124
86,85,friend,0.7243991116862252
61,99,friend,0.7435848511844145
95,67,acquaintance,0.19770913996217654
39,50,acquaintance,0.1968459627325418
44,28,friend,0.6842279511724851
86,58,friend,0.7855855322288061
36,54,acquaintance,0.3738607738543784
66,7,acquaintance,0.17128675146056033
29,84,friend,0.7208092344533596
71,87,acquaintance,0.3866373148868134
3,56,acquaintance,0.16188180989722667
8,74,friend,0.930563500158383
61,16,friend,0.5339740972956509
57,72,acquaintance,0.0
56,32,acquaintance,0.3204259003347565
67,95,acquaintance,0.2530605559212202
23,49,acquaintance,0.3300708272902737
28,90,friend,0.6626260095578896
20,97,friend,0.7568763766714471
5,7,friend,0.8602960725119737
25,53,acquaintance,0.23362063085110654
34,68,friend,0.5754333508974728
15,94,acquaintance,0.3321834999252925
89,1,friend,0.8803648090980434
89,21,friend,0.9242154004860856
97,18,acquaintance,0.11971085579121737
9,47,friend,0.6268975152649736
17,72,acquaintance,0.17141249528253255
46,4,friend,0.8773064877886999
61,52,friend,0.9771356896217702
0,66,acquaintance,0.2701854568313656
17,73,friend,0.714208328962886
1,4,acquaintance,0.1528477487609768
42,95,friend,0.8502179346442931
53,49,friend,0.5000348002897406
39,70,friend,0.49970993663610863
73,23,friend,0.8941507531351182
21,75,friend,0.7236981195105195
87,11,friend,0.5357736141767894
28,60,friend,0.8399202509723278
91,88,acquaintance,0.36044229894621876
29,9,friend,0.7454701383546286
8,44,friend,1.0
39,20,friend,0.8243580366811543
98,44,acquaintance,0.2945896476023613
90,22,friend,0.9140833405924186
23,98,acquaintance,0.2876881851654526
30,68,acquaintance,0.22452102878378527
56,84,acquaintance,0.32090050012986693
93,23,acquaintance,0.29935156632212184
89,97,acquaintance,0.19203295495649403
49,5,friend,0.8122621175087059
49,80,acquaintance,0.1361627643194187
9,1,acquaintance,0.48731404755284324
74,61,acquaintance,0.0698332395009183
19,78,acquaintance,0.0
69,86,acquaintance,0.0
74,29,friend,0.7401876743249193
93,16,friend,0.915106484103887
10,53,friend,0.35848720272650775
69,4,friend,0.7868330491662752
34,41,acquaintance,0.4661431196675841
62,29,acquaintance,0.08532064703687545
24,44,friend,0.8380596583714148
68,8,friend,0.7297065045837916
21,77,acquaintance,0.0873415505383929
91,13,friend,0.9423480985831602
76,46,acquaintance,0.2038585737579382
71,58,friend,0.6973255809729116
55,19,friend,1.0
5,25,acquaintance,0.14888903404334822
33,48,acquaintance,0.38492441408601874
28,29,acquaintance,0.17525356496807354
95,1,acquaintance,0.3200751944695197
46,70,acquaintance,0.30968960340979984
15,95,friend,0.9746532195150941
4,89,friend,0.5998997682191105
40,38,acquaintance,0.2626165081268453
71,34,friend,0.781509519339968
60,64,friend,0.7983252858484193
24,75,friend,0.7496209158091711
95,41,acquaintance,0.1336476100544416
84,79,acquaintance,0.18964244112878398
72,97,friend,0.7368260653242208
35,61,acquaintance,0.4026245623508841
65,92,acquaintance,0.37744506811171036
92,13,friend,0.8512437032694661
67,44,friend,0.6609269228161112
11,86,acquaintance,0.24137875604952952
69,13,acquaintance,0.36290970784838794
94,45,acquaintance,0.09418251219666562
68,43,friend,0.6902492069471236
48,75,friend,0.7736493500207412
3,33,friend,0.7193575186481777
63,19,acquaintance,0.20904858735448478
55,80,acquaintance,0.21605165936716966
52,30,acquaintance,0.2930365305011111
83,31,acquaintance,0.3416843480101931
93,29,friend,0.49585175878694016
61,45,acquaintance,0.06081780104347492
95,26,acquaintance,0.27600139719915895
43,74,friend,0.6204474793739505
47,49,acquaintance,0.0
27,38,acquaintance,0.36161112925290895
61,77,friend,0.9281287382938378
55,11,acquaintance,0.2660144930428987
8,92,acquaintance,0.25561085173555137
89,84,acquaintance,0.6437068773593315
24,64,acquaintance,0.14521951118182283
76,36,acquaintance,0.1674504758969235
64,48,friend,0.6652703547420898
99,12,acquaintance,0.4072455788094579
94,25,acquaintance,0.37532173188160267
39,74,friend,0.6154540710365042
49,37,acquaintance,0.41476469118140374
53,21,acquaintance,0.30272751589090013
85,96,friend,0.7092797863067942
45,90,acquaintance,0.40764276626787377
61,5,acquaintance,0.4275088402883791
96,84,friend,0.6921815967949786
11,31,acquaintance,0.16190978966363856
57,5,acquaintance,0.3211633374632443
46,37,acquaintance,0.07707569352763669
14,27,acquaintance,0.1771165818737646
78,12,acquaintance,0.1409213298578028
33,10,acquaintance,0.16922008988907963
83,9,acquaintance,0.13818168190125518
57,25,friend,0.7255205992164341
47,42,friend,0.7219133803493671
89,4,friend,0.9979130973197262
0,92,acquaintance,0.26436270825036284
27,76,acquaintance,0.19350818391747898
76,12,friend,0.8085273544635311
74,50,acquaintance,0.487948273598884
86,5,friend,0.8127289186553528
27,88,acquaintance,0.02946310176712727
47,76,friend,0.7380329378236494
91,73,friend,0.5757574475933145
64,10,acquaintance,0.0
28,79,acquaintance,0.18604825630683414
40,87,acquaintance,0.35499779420873295
24,88,acquaintance,0.17984516990036228
63,93,acquaintance,0.28051514712928444
21,20,acquaintance,0.45134084669295793
67,25,friend,0.7673802924347852
5,89,acquaintance,0.407481729904719
74,41,friend,0.840981617111736
77,65,friend,0.5113824505841105
39,52,acquaintance,0.056747567515109204
40,87,acquaintance,0.22747143120148974
66,72,friend,0.8503032766492077
33,54,acquaintance,0.04902422859789521
75,33,friend,0.8747930562192434
69,66,friend,0.6940994445332844
65,96,acquaintance,0.3174110461746005
55,69,friend,0.7415054030200653
9,32,acquaintance,0.2799022936545496
67,3,friend,0.7910708033485196
43,70,friend,0.7666015254122771
26,50,acquaintance,0.31466626220990757
8,35,friend,0.8600657124372666
50,28,acquaintance,0.40289799976991014
53,14,acquaintance,0.28771252636131983
27,53,acquaintance,0.14494041249463668
85,0,friend,0.8571648404391878
12,24,acquaintance,0.15240648279927166
70,96,acquaintance,0.4311544073143123
96,84,friend,0.928017208616281
77,26,friend,0.931170903756533
18,47,acquaintance,0.479375348986799
93,53,acquaintance,0.13973866774856425
14,89,friend,0.4617070437619846
5,77,acquaintance,0.19345061873048908
66,33,acquaintance,0.0
64,45,acquaintance,0.2658556282190428
15,52,acquaintance,0.35576151255091426
20,60,acquaintance,0.07957580615547472
44,88,acquaintance,0.2091503685299351
3,83,friend,0.5697448819853449
33,72,acquaintance,0.24919564195861116
43,19,friend,0.7617959498872284
82,13,friend,0.7902070568163283
25,30,friend,0.5852631954847561
52,1,acquaintance,0.10077639532495583
72,36,acquaintance,0.13575151121409146
68,11,friend,0.7425956088411345
81,39,friend,0.7590039161598935
25,64,acquaintance,0.26763224495166205
0,70,acquaintance,0.3264700900477348
45,73,friend,0.8009577424334605
64,2,acquaintance,0.4151499634963853
4,77,friend,1.0
60,16,friend,0.7902125566911606
37,10,acquaintance,0.18127721397975843
45,6,acquaintance,0.35582334160348833
31,54,acquaintance,0.21311456861213177
16,45,acquaintance,0.20642990313992224
84,6,friend,0.8697384046705793
1,15,friend,0.9522901432070155
34,12,acquaintance,0.39878041435845757
37,88,acquaintance,0.21915521988161374
62,8,acquaintance,0.49866369198777866
42,50,friend,0.7567369099863531
97,25,acquaintance,0.13293618205220506
77,96,acquaintance,0.369198993958913
66,10,acquaintance,0.10844188904786511
57,50,friend,0.8303373900549276
8,89,friend,0.6879951428893748
24,68,acquaintance,0.0
74,27,friend,0.8358582055223717
26,19,friend,0.8800346583142582
44,86,friend,0.6376955705169287
54,63,friend,1.0
9,27,acquaintance,0.17698330553472025
34,30,acquaintance,0.1601913933400207
44,10,friend,0.9786622720483932
63,10,acquaintance,0.4625539378608374
41,50,friend,0.6777716466810388
88,62,acquaintance,0.31762789528490737
18,56,acquaintance,0.2781966256318082
82,33,acquaintance,0.3976356680277433
33,71,friend,0.7975699957720376
9,89,friend,0.7177241839911623
92,97,friend,0.59305044179179
84,91,friend,0.6908451800709969
47,85,friend,0.7822629688546544
72,21,acquaintance,0.35672540568386807
62,39,acquaintance,0.23098225595182645
24,50,acquaintance,0.37330752570567227
4,7,friend,0.5796686858723185
31,88,acquaintance,0.23982150063720725
57,23,friend,0.9664150632533839
26,28,friend,0.6070056322073983
80,91,acquaintance,0.01599659580924856
25,50,friend,0.46662999123985033
94,5,friend,0.6237551208887662
79,96,friend,0.6677264147048477
3,8,acquaintance,0.24216366104763093
16,87,friend,0.664661338711876
58,4,friend,0.6602854833049583
19,97,friend,0.8650720377092432
16,45,acquaintance,0.2158614245130905
27,65,acquaintance,0.24033717803841967
39,35,acquaintance,0.3189540601480437
89,51,acquaintance,0.24848853397387388
19,70,acquaintance,0.27735685205325145
27,57,friend,0.833773557617668
44,54,acquaintance,0.16482989616728927
12,39,acquaintance,0.3618141449182668
93,36,acquaintance,0.07056398690276189
62,61,friend,0.7941838476349284
13,19,acquaintance,0.3074821721492354
25,60,acquaintance,0.31971539608784316
52,67,acquaintance,0.28483900409747887
59,16,friend,0.6053327430448453
67,99,friend,0.5594666067037509
47,53,acquaintance,0.25804220617350737
33,17,friend,0.7413248701235696
35,28,friend,0.6842322936901841
72,59,acquaintance,0.24918637311000744
98,53,acquaintance,0.39088185790788627
27,14,acquaintance,0.027144923980741614
64,84,friend,0.9544596853464952
64,37,friend,0.677381912683345
64,8,acquaintance,0.36705272964155217
24,75,friend,0.7361385386101624
77,49,acquaintance,0.260937724360896
55,43,friend,0.9190684542155245
47,74,friend,0.8420358738699046
14,61,friend,0.7638570208155427
2,1,friend,1.0
59,4,friend,0.6848793099075808
37,10,acquaintance,0.26493518963297247
93,11,acquaintance,0.15511599168115103
80,29,acquaintance,0.1427313071275022
72,31,friend,0.8795077599333914
62,25,acquaintance,0.2886005192806915
9,41,friend,0.7282263432975165
79,57,friend,0.8188431890733665
9,53,friend,0.6944596774806923
25,31,friend,0.5458947063747676
27,10,acquaintance,0.33089497122782735
83,40,friend,0.7807584782038908
28,91,acquaintance,0.11643894616384784
93,41,acquaintance,0.3536367601594732
50,22,friend,0.7278898610563939
69,2,acquaintance,0.48543825527928885
51,42,acquaintance,0.4967585462014985
31,57,friend,0.7931030208432299
34,32,acquaintance,0.33639004993763755
99,21,acquaintance,0.1462563170792079
19,69,friend,0.7922657962589592
31,96,acquaintance,0.41798003650042725
88,77,acquaintance,0.3066985764614822
74,24,friend,0.5498485498138392
11,65,friend,0.7547211421972698
37,23,acquaintance,0.1476214529522461
70,9,acquaintance,0.09468035844637152
15,49,friend,0.633380621750966
48,24,acquaintance,0.37326511372312776
22,50,acquaintance,0.11398303973877341
68,76,acquaintance,0.17083631033012214
3,53,acquaintance,0.36337854510987816
36,27,friend,0.451123166596163
97,71,acquaintance,0.08677691367605636
34,80,friend,0.7479893754272022
84,66,acquaintance,0.1925763826914156
23,49,acquaintance,0.2172814581819694
23,38,acquaintance,0.1438442850139752
51,25,friend,0.8836784345689993
44,65,friend,0.8854697995094659
52,17,acquaintance,0.15234200854433866
19,16,friend,0.8303021326207064
8,62,acquaintance,0.34341455754585726
54,75,acquaintance,0.32221114981605153
66,99,friend,0.6909578454568609
12,35,friend,1.0
69,68,acquaintance,0.11093424610803043
15,42,acquaintance,0.40729050476237527
27,60,friend,0.9206103560662866
50,84,acquaintance,0.353197733010523
82,45,friend,0.6371077537701313
87,64,friend,0.9168959185686387
93,9,friend,0.7449287286726
66,60,acquaintance,0.25219160966771836
36,7,acquaintance,0.4058169950189062
78,5,acquaintance,0.34432122876575505
10,15,acquaintance,0.2118176940421229
85,22,acquaintance,0.31039836267776716
79,97,friend,0.5330027656973998
9,95,acquaintance,0.19155658785606844
86,52,acquaintance,0.06245483275893407
65,22,friend,0.692323334484236
3,7,acquaintance,0.3756319811801482
72,65,acquaintance,0.10607631232997744
69,70,friend,0.7371604321194324
33,93,acquaintance,0.3770736866782163
73,65,friend,0.8803418199728096
76,21,friend,0.7976097006027085
18,36,friend,0.7693797694226147
29,85,friend,0.6092389824968314
13,96,acquaintance,0.29203491284027294
56,67,friend,0.7510693712064647
70,25,friend,0.6037111380729266
82,18,acquaintance,0.2438803560873464
80,71,acquaintance,0.12779763367375258
87,14,acquaintance,0.35814667743609563
10,54,acquaintance,0.4016715695223863
34,63,friend,0.6307572923693168
64,34,acquaintance,0.2085184333213429
6,60,friend,0.5842738696416854
52,12,acquaintance,0.4075964044321012
86,20,acquaintance,0.3518817432487745
53,12,acquaintance,0.3193064950360053
50,59,acquaintance,0.2806304089152698
45,79,friend,0.6572032056685394
44,55,friend,0.8598588090941757
65,8,friend,0.645190681643809
23,91,acquaintance,0.11716290278294716
36,2,friend,0.8474094653472141
2,88,acquaintance,0.21490019593360146
75,1,acquaintance,0.2021317996441408
72,90,friend,0.8416053532351844
38,68,acquaintance,0.24959431061931112
95,96,friend,0.7516270427832096
12,26,acquaintance,0.0
39,56,acquaintance,0.16040769989817638
2,58,acquaintance,0.14529704528586762
27,83,acquaintance,0.4407614326559211
58,29,acquaintance,0.3715142161455685
83,81,acquaintance,0.16377156898309014
42,67,friend,0.8813617690320346
88,81,friend,0.6472916318370743
24,71,friend,0.7588685635193115
78,41,acquaintance,0.312206083096501
81,84,acquaintance,0.21902815997917502
37,72,acquaintance,0.3156697615529218
74,83,friend,0.5399386234619673
59,22,friend,0.7155484758486095
84,62,acquaintance,0.14780787320509542
96,99,acquaintance,0.14870639974259775
99,43,friend,0.8326520033425229
51,38,acquaintance,0.3790328283111316
78,70,friend,0.7618709786024402
91,85,acquaintance,0.344242011360621
35,90,acquaintance,0.10947388430174265
91,88,friend,1.0
2,65,acquaintance,0.05871350360057634
59,99,acquaintance,0.12969255280487602
33,42,friend,0.7871721893211718
38,9,acquaintance,0.26909746196386763
94,86,friend,0.5895493592805099
3,27,friend,0.7728533663333897
0,92,friend,0.6332985577263625
38,46,friend,0.7918363183763862
78,1,friend,0.7110263288124955
94,38,acquaintance,0.22884005879782768
47,96,friend,0.331539485318723
70,81,acquaintance,0.22018169909953822
47,65,acquaintance,0.2307709308675386
69,54,acquaintance,0.22827633970193628
20,9,acquaintance,0.43116860696942605
72,68,acquaintance,0.06909685488869122
90,77,friend,0.653423666902658
2,48,friend,0.770560610260302
38,96,acquaintance,0.0033431689157691624
69,37,friend,0.7897423638016926
53,57,friend,0.7788080265551185
88,62,friend,0.9702623122868533
49,59,friend,0.6959867734602374
59,68,acquaintance,0.16934926523664565
21,29,friend,0.6543848356577229
53,4,friend,0.8457080099437451
71,22,acquaintance,0.23427657253477288
19,41,friend,0.6300356783939043
79,52,acquaintance,0.39806681307244235
4,77,friend,0.5190885529465702
69,29,friend,0.43234733241491335
23,20,friend,0.7875523151373621
67,7,friend,0.757564040991732
73,33,friend,0.7102322510738415
53,62,acquaintance,0.3550112663120775
6,65,friend,0.8056670927671327
22,12,acquaintance,0.156386548245613
55,63,acquaintance,0.3652468522695319
19,18,acquaintance,0.4570147583526407
4,54,friend,0.9674699927251478
80,13,friend,0.7817940387146722
70,72,acquaintance,0.36589934265090707
14,13,friend,0.6606356703987262
90,8,friend,0.7826567663815662
62,68,acquaintance,0.5897106036846234
98,32,acquaintance,0.1051679634949923
9,35,friend,0.7374604225032171
6,80,acquaintance,0.2207160014177526
50,3,acquaintance,0.12184684715849223
13,47,acquaintance,0.0739245493447371
6,79,acquaintance,0.1225087164237549
23,68,acquaintance,0.16704637160736074
3,5,acquaintance,0.33768016652989363
23,84,friend,0.6377227333263393
88,74,acquaintance,0.4564610968151074
78,80,acquaintance,0.10159409902393726
23,68,friend,0.6265209015644311
78,9,acquaintance,0.14353773998027652
66,93,friend,0.5711159020949683
54,99,acquaintance,0.07487935885316688
85,26,friend,0.9637685653434661
6,69,friend,0.6519495927261929
79,87,friend,0.6994478182003089
36,71,acquaintance,0.15754205033448349
62,31,friend,0.7196654640732043
59,98,acquaintance,0.13523867753157998
62,21,friend,0.7944327282087388
61,32,acquaintance,0.33926537283283953
2,70,acquaintance,0.36774978977280814
69,74,friend,0.7480849233465027
87,76,acquaintance,0.20422570940533483
18,73,friend,0.7255317889262934
55,78,acquaintance,0.29510319871738855
62,41,acquaintance,0.28848266764676117
1,12,acquaintance,0.26684393755793157
94,59,acquaintance,0.2789845700848567
37,20,friend,0.7667028961893219
14,16,friend,0.7199026708896883
61,16,acquaintance,0.22589200763293996
76,6,acquaintance,0.21508682104254076
37,32,friend,0.7001795609915008
18,10,acquaintance,0.2873629799438435
70,59,friend,0.6498569681683277
56,13,acquaintance,0.5209233106061291
6,61,friend,0.9765189495921613
86,33,friend,0.9299204316187075
29,7,acquaintance,0.23236779586905273
61,89,friend,0.7034823352123966
6,81,friend,0.8944940128432197
20,77,friend,0.5132435144734908
3,12,acquaintance,0.4502230995931794
88,39,friend,0.7643881654280623
36,95,acquaintance,0.35142305489275505
96,56,friend,1.0
66,32,acquaintance,0.08676322442654555
55,33,acquaintance,0.29904523612539613
63,79,friend,0.7800992736144323
77,46,acquaintance,0.40734220451011927
71,78,friend,0.7791671802639785
93,33,friend,0.8688066140430695
32,94,acquaintance,0.23173469197371813
53,38,acquaintance,0.21947183881987029
65,88,acquaintance,0.12908359240997413
85,4,friend,0.9010104629366835
93,3,friend,0.6833427981736454
67,71,friend,0.663110676807273
11,32,acquaintance,0.46764383641702995
89,28,acquaintance,0.3708045302603139
25,43,friend,0.5188417012426619
45,49,friend,1.0
24,13,acquaintance,0.18058116638734928
24,85,acquaintance,0.4576827668189445
50,51,acquaintance,0.10445928503936519
76,85,acquaintance,0.29562312760423926
44,16,acquaintance,0.08004571210424286
59,17,friend,1.0
5,46,friend,0.7172557313664603
47,16,friend,0.7374672119159256
57,42,acquaintance,0.1914318560458402
78,16,acquaintance,0.5110611812231924
83,65,friend,0.6502909015836374
64,97,friend,0.5796627569739559
18,68,acquaintance,0.17057163887631227
86,50,acquaintance,0.36495156799244544
2,7,friend,0.3736631026445148
26,33,acquaintance,0.4120661411075062
10,51,friend,0.8016239439744841
67,42,friend,0.9568239566567893
86,69,friend,0.3445735884644184
85,53,acquaintance,0.2539392440258773
14,3,friend,0.7610119063079241
84,7,friend,0.7287987568961549
12,31,friend,0.886646170056764
60,46,friend,0.6708157850447803
34,57,acquaintance,0.2761912470231612
67,48,acquaintance,0.05247803187908018
3,54,friend,0.6164904993754021
7,30,acquaintance,0.4337818065991083
7,68,friend,0.6230505144511641
79,64,acquaintance,0.3551979067775042
28,74,acquaintance,0.3574528790772871
0,35,acquaintance,0.46118575402102013
57,48,acquaintance,0.07607141252262203
75,45,acquaintance,0.09592875214677579
67,50,acquaintance,0.1388229105231079
87,64,acquaintance,0.18078307600189097
2,92,acquaintance,0.15986294448924937
10,35,acquaintance,0.3679821077603212
54,25,acquaintance,0.32841664964131256
27,65,acquaintance,0.2850389337846397
12,84,friend,0.7479390163581338
75,12,acquaintance,0.40483797159664653
37,9,friend,0.5768380581044634
20,76,friend,0.4572801730213494
83,75,acquaintance,0.22098263876496602
88,56,acquaintance,0.2942539677511316
74,3,friend,0.5418222875778232
40,94,acquaintance,0.46107352021390413
80,63,acquaintance,0.04579243040142647
46,94,acquaintance,0.28975891546154764
19,84,friend,1.0
92,52,friend,0.4887665093216997
26,73,friend,1.0
34,58,acquaintance,0.3449286574198686
9,86,friend,0.9108549414099478
53,76,friend,0.6783288991019514
46,30,acquaintance,0.29138864333795517
37,52,friend,1.0
68,30,acquaintance,0.016296345308322246
1,84,friend,0.5720915870383367
16,43,friend,0.9547374907680144
23,29,friend,0.6938775783672456
4,1,friend,0.6440858930268027
58,91,acquaintance,0.17977690255214468
80,6,acquaintance,0.21652861139041063
61,40,friend,0.6740114927380535
60,70,friend,0.7401374103137862
20,90,acquaintance,0.24000541202745507
24,45,friend,0.5698681043376655
15,3,friend,0.7146710611080832
77,76,acquaintance,0.04513441724052367
41,72,acquaintance,0.2909660936370618
60,46,acquaintance,0.39322600582323286
2,89,friend,1.0
43,21,acquaintance,0.4103094629945835
36,62,friend,0.718131457829706
55,22,friend,0.9375297960717426
1,42,acquaintance,0.24468831413267111
4,6,acquaintance,0.3595118572015058
48,88,friend,0.5780595108001066
25,39,friend,0.784510981547692
9,84,acquaintance,0.20202721653689992
73,86,acquaintance,0.3319598061521662
72,6,friend,0.6062195880779645
98,92,friend,0.5978586879667728
94,16,acquaintance,0.01795620059374345
36,79,acquaintance,0.2576470068155081
35,4,acquaintance,0.4095381970077461
6,27,friend,0.8380195216423598
5,57,acquaintance,0.24532658291077525
18,32,friend,0.5347410224234485
68,22,acquaintance,0.24220297904311366
10,81,friend,0.9253978145986858
18,32,acquaintance,0.3473957413271797
67,1,friend,0.8791480619967083
99,59,friend,0.5929997717000137
42,12,acquaintance,0.32407362819227603
83,91,acquaintance,0.2549842622754468
32,24,acquaintance,0.26440622864851404
22,86,friend,0.7626406819095194
32,47,acquaintance,0.3134293050237903
6,44,acquaintance,0.0
89,3,acquaintance,0.19228171840519892
5,6,acquaintance,0.4244552100602126
63,49,friend,0.7463622959984558
58,44,acquaintance,0.3698918523934926
38,5,acquaintance,0.23569335028227698
56,77,friend,0.46742542951747734
57,27,acquaintance,0.41742169528345996
56,0,acquaintance,0.2772255323817258
73,25,friend,0.8838172942946823
77,13,friend,0.8900694694673037
49,34,friend,0.6238683701006771
7,93,friend,0.8585057479914054
91,63,acquaintance,0.23474641564644352
37,14,acquaintance,0.34702877217205497
42,92,friend,0.9747648695049025
66,56,friend,0.6661314027329659
6,34,acquaintance,0.1620538020623397
94,91,acquaintance,0.1819154537192617
22,25,friend,0.7929930123102047
60,39,acquaintance,0.13395927876417735
83,63,acquaintance,0.22723483000489897
40,88,friend,0.7137893596130627
43,69,friend,0.6118996427321679
9,99,friend,0.8381025536712994
97,89,friend,0.8195603251046091
11,10,acquaintance,0.09969267001495699
64,56,acquaintance,0.24166154125320213
11,2,acquaintance,0.3029576245774828
22,75,acquaintance,0.2793212780092539
29,53,friend,0.8688636883457979
61,20,acquaintance,0.26302815298595844
16,45,acquaintance,0.23554505956761695
60,74,acquaintance,0.1279989185229001
89,98,acquaintance,0.25208294628307926
99,14,acquaintance,0.06268492172396528
40,20,friend,0.6989130451513522
34,75,acquaintance,0.09840212773429155
49,86,friend,0.8094676012059222
86,18,friend,0.9040689389845756
46,62,friend,0.7836093595121956
6,57,acquaintance,0.37680303797194564
51,62,acquaintance,0.3174446206613736
61,53,friend,0.7173930786240328
25,6,acquaintance,0.015503631206395918
91,31,friend,0.7565898703938371
96,11,acquaintance,0.18505347850564566
29,89,acquaintance,0.06997198264729643
41,78,friend,0.5767456118261737
11,68,friend,0.6281164942705484
56,63,acquaintance,0.2628793999274578
95,55,acquaintance,0.24669579129814595
39,54,acquaintance,0.18378007993805506
75,17,acquaintance,0.1303055201727606
44,94,friend,1.0
46,13,friend,0.7771413145173827
84,99,acquaintance,0.279113119419007
74,1,acquaintance,0.25215838161211573
36,13,acquaintance,0.34571496008447955
43,30,friend,0.5887330757602536
95,29,acquaintance,0.18971276736303735
73,58,friend,0.6721525122113674
33,49,acquaintance,0.25621620405092127
90,45,friend,0.9016444199156783
99,9,friend,0.6812309087542157
96,39,friend,0.7256813904601793
47,94,acquaintance,0.3575259184814472
48,67,friend,0.9469439243991815
63,97,acquaintance,0.3167665348040105
74,65,friend,0.8898178134590056
52,17,friend,0.9634171442645948
47,50,friend,0.775788940102724
11,77,acquaintance,0.5588837730469647
96,83,acquaintance,0.3540913211654199
59,67,acquaintance,0.29189446975005534
69,57,acquaintance,1.0173201238639074e-06
0,78,acquaintance,0.0454102785975912
22,78,friend,0.6010012360865246
52,22,acquaintance,0.2163008407876365
14,56,friend,0.8444947059388634
88,17,friend,1.0
53,36,friend,0.7615523622620993
82,65,friend,0.7973677025318594
68,73,acquaintance,0.03063227917315159
16,3,friend,0.9599465831741527
99,59,friend,0.8107106183255935
15,51,friend,0.6606778086674187
2,59,friend,1.0
88,76,friend,0.9669795949169693
0,3,acquaintance,0.264361461482593
0,5,friend,0.7903940845666576
88,64,acquaintance,0.1294714052905162
19,70,acquaintance,0.11040066958653047
6,82,friend,0.9796205811010785
88,15,acquaintance,0.5128347518899514
78,95,acquaintance,0.4095500345763511
70,68,acquaintance,0.2949461464291116
54,47,friend,1.0
40,68,acquaintance,0.0
8,52,friend,0.9067462684910361
37,87,friend,0.9208385576504154
70,15,acquaintance,0.42161735519535704
79,84,friend,0.7385280280475833
43,91,friend,0.8203533119846949
42,81,friend,0.6300578417577195
68,14,friend,0.8563537147017948
75,39,friend,0.7518520773651473
82,86,acquaintance,0.44910727162953684
27,83,acquaintance,0.3426634261803476
36,83,acquaintance,0.39489358903716987
29,61,acquaintance,0.42432459169334247
15,79,friend,0.6920654179101099
46,91,friend,0.7608489172886136
15,40,friend,0.8759405035092638
2,51,acquaintance,0.1990653008019354
94,56,acquaintance,0.21594352034185377
48,11,friend,0.6664029397543815
67,50,friend,0.9140762476200377
53,36,acquaintance,0.3367044759910258
34,10,acquaintance,0.2118031763376777
29,40,acquaintance,0.09500103566243615
43,76,friend,0.7578577063448635
45,34,acquaintance,0.5695293349743237
85,28,friend,0.6099091095686002
20,25,acquaintance,0.11925611344191794
44,52,acquaintance,0.03600077337161961
72,44,acquaintance,0.2668268034215667
45,85,acquaintance,0.03942346395828375
76,38,acquaintance,0.1336827590701093
81,45,acquaintance,0.22767537066647703
73,89,friend,0.5146490287352925
48,17,friend,0.6797841892801225
7,38,friend,0.7090406244895401
89,31,acquaintance,0.38558732035268206
71,76,friend,0.639588839345393
45,93,friend,0.8869691239044047
19,16,acquaintance,0.1166248067247383
23,68,acquaintance,0.24252051768314864
46,23,friend,0.8126243597276102
80,3,friend,0.8062214689534644
8,97,acquaintance,0.19399361931854708
4,52,acquaintance,0.25648226277642056
65,89,acquaintance,0.10204254206556529
83,22,acquaintance,0.0
36,0,friend,0.664849656061354
35,32,friend,0.49955663091996805
56,11,friend,0.9318148133015458
39,41,acquaintance,0.41829211951884515
73,80,acquaintance,0.30556377335283047
77,20,acquaintance,0.18385790053473605
66,63,friend,0.8629096564729922
77,20,acquaintance,0.385416173860167
65,32,friend,0.7903708093673455
88,66,acquaintance,0.16081579531516899
77,58,acquaintance,0.3557938090055541
26,41,acquaintance,0.28560371133136264
37,14,friend,0.8254638026075795
44,18,friend,0.7424526487158138
80,20,friend,0.32731251925759197
88,65,friend,0.7372355487652469
49,22,friend,0.708777967832068
40,82,acquaintance,0.331212243666262
85,95,acquaintance,0.42220844264457524
82,26,acquaintance,0.4966236027736949
2,62,acquaintance,0.0
25,53,acquaintance,0.10632959406259593
81,16,acquaintance,0.09264012508805097
9,51,friend,0.49993266450623697
38,76,friend,0.9538506713250967
13,55,friend,0.6926632627662732
58,85,friend,0.6667992206561779
24,81,friend,0.34401771869633546
0,28,acquaintance,0.4020778236314124
57,38,acquaintance,0.31038307197119647
94,46,friend,0.6215152064796555
78,80,friend,0.32484319679068263
63,70,acquaintance,0.2313228150304345
41,60,friend,0.6979841349208491
51,75,acquaintance,0.22537938413839764
54,20,friend,0.8090344334300998
94,33,friend,0.7104142869563188
8,27,friend,0.794222023751192
52,66,acquaintance,0.2649124175240196
18,93,acquaintance,0.3933042774934896
57,74,acquaintance,0.0
60,40,friend,0.7550646002989144
32,72,friend,0.6408634852846249
18,4,friend,0.5707525959032976
90,1,friend,0.912680898123077
43,77,acquaintance,0.3329398828822859
85,49,acquaintance,0.16982415440401155
49,81,friend,0.7139738234966012
64,31,acquaintance,0.36799777880718165
84,5,acquaintance,0.10035043535556479
4,25,acquaintance,0.40432491740041465
95,50,acquaintance,0.10373422156929993
68,95,acquaintance,0.4203219416707981
99,70,acquaintance,0.0
89,60,acquaintance,0.5310683235174365
0,38,friend,0.6195871186035264
1,21,acquaintance,0.2411719392672628
22,98,acquaintance,0.2818226508006147
63,71,acquaintance,0.08720281681987177
71,35,acquaintance,0.4026523380473519
71,28,acquaintance,0.0
10,99,acquaintance,0.2351967447214215
94,71,acquaintance,0.17854445408129216
43,67,friend,0.8174914458697423
27,77,acquaintance,0.1626681314394232
53,55,friend,0.9206090037246757
27,85,acquaintance,0.14341772926179108
40,97,acquaintance,0.2722806147307222
49,89,friend,0.43679359514041477
78,49,acquaintance,0.2675305502165882
61,35,friend,0.8280793304902448
56,10,friend,0.9759594427588945
3,24,acquaintance,0.37598420476305744
3,85,acquaintance,0.27309415888189514
21,14,acquaintance,0.16453049458448893
66,84,acquaintance,0.23429438518064583
90,95,friend,0.517148044085383
86,62,friend,0.7064285761665073
39,77,acquaintance,0.3809428759709743
14,61,acquaintance,0.40783226353765706
72,53,friend,0.5480547340173709
14,51,acquaintance,0.061398574574879794
98,32,acquaintance,0.46291663126446303
31,64,friend,0.4919528581459311
33,24,friend,0.657186266582473
58,29,friend,0.695115274808792
39,68,acquaintance,0.12686957706021867
31,9,acquaintance,0.0
96,85,acquaintance,0.15229738913526714
29,97,acquaintance,0.3187651451155603
35,79,acquaintance,0.163488802237639
61,74,friend,0.8776895206517765
33,57,acquaintance,0.19363222241544564
77,72,friend,0.7325559642149037
60,83,friend,0.6971570138520682
8,34,acquaintance,0.21708010162337635
66,35,friend,0.8151539296285509
72,84,acquaintance,0.1629282015915049
27,79,friend,0.8292472284640873
66,83,acquaintance,0.29340347532623956
94,80,friend,0.6104988601383362
47,66,friend,0.7885584630161434
17,49,acquaintance,0.33097641296267377
68,9,friend,0.7307614704758798
32,33,friend,0.7646492178083005
54,94,acquaintance,0.3006232908420346
77,11,acquaintance,0.0
72,11,friend,0.7756549198170539
24,89,friend,0.5964709262770412
0,6,friend,0.5429819214588653
62,26,friend,0.799866489648541
39,21,friend,0.5840292747894107
22,32,acquaintance,0.20268281684521006
79,54,friend,0.8920030623962002
51,32,acquaintance,0.4353522229108999
97,35,friend,0.7075557105720031
7,53,friend,0.6689817928138518
33,69,friend,0.6213775622398863
20,33,friend,0.7899508533263845
16,72,acquaintance,0.2817405453071128
9,95,acquaintance,0.29299666952666836
37,15,friend,0.8561307482352857
59,4,acquaintance,0.24658953647974297
66,22,acquaintance,0.3581122196629356
89,46,acquaintance,0.31895417035713425
67,68,acquaintance,0.025454083318418058
62,76,acquaintance,0.20583804414024137
66,73,friend,0.6497032351379665
94,1,friend,0.8284315390495716
38,14,acquaintance,0.4551112754146155
52,4,friend,0.7361919119347531
13,85,acquaintance,0.24628065874903346
84,70,friend,0.8180545960672568
69,81,acquaintance,0.5841213769909099
13,45,acquaintance,0.24290617693904032
53,48,acquaintance,0.22144226032895045
13,52,friend,1.0
29,97,friend,1.0
96,73,friend,0.7125852948745843
49,92,acquaintance,0.2482323843574902
52,1,friend,0.9396997146747528
23,64,acquaintance,0.3799938119164525
13,53,friend,0.7521864207758362
80,56,acquaintance,0.18838638783416373
40,29,friend,0.7382532835366593
46,14,acquaintance,0.3075504793208285
18,80,acquaintance,0.302950616677821
91,39,friend,0.6864396424339364
52,38,acquaintance,0.1749769375031924
51,86,acquaintance,0.07768906085073737
29,59,acquaintance,0.06819556114894906
25,43,acquaintance,0.4538025959496039
30,82,friend,0.5398340079668288
67,96,acquaintance,0.4796017520241207
40,21,friend,0.6015024179487815
98,99,friend,0.8452411551437559
46,8,friend,0.8059355732326948
77,99,acquaintance,0.3844668022807495
95,81,friend,0.681134576125919
38,5,acquaintance,0.13716029398101603
18,33,acquaintance,0.3089202094925748
1,93,acquaintance,0.07373839925673586
16,64,acquaintance,0.07918819000567509
56,10,friend,0.7059605514937805
98,76,acquaintance,0.0
98,68,friend,0.7529577373070573
28,3,friend,0.7213786068687449
74,11,friend,0.8675962625606494
50,39,friend,0.8178227198367427
71,54,acquaintance,0.3511317478325185
68,43,friend,0.7338277132333072
26,88,friend,0.7311027210637038
19,42,acquaintance,0.15547240436525916
18,58,friend,0.8594478166735418
53,51,acquaintance,0.28394717152792653
29,79,friend,0.6245679984308474
59,70,acquaintance,0.21416833234126234
60,28,friend,0.6399658553292897
75,95,friend,0.7118705000692697
42,5,friend,0.5428792878310909
37,47,acquaintance,0.2915476900115825
93,64,acquaintance,0.24482782401516298
60,59,friend,0.6502015107947529
25,30,acquaintance,0.12502075409454538
84,19,friend,0.8946021859118329
68,6,friend,0.7485703623361097
35,58,acquaintance,0.4738752764416502
54,7,friend,0.8384183504306743
52,34,acquaintance,0.07167134891700866
86,29,acquaintance,0.23100887901641176
92,83,friend,0.8207186004563928
64,87,acquaintance,0.29421040700085266
22,32,friend,0.7588251668326265
83,13,acquaintance,0.3375188087864041
27,80,friend,0.785412595546697
84,92,friend,0.793976483787669
69,0,acquaintance,0.13985346806745058
17,65,friend,0.7056780640138443
88,96,friend,0.7927117172546462
11,57,friend,0.6617226569005328
61,27,acquaintance,0.0
16,12,friend,0.7633603542584465
21,83,acquaintance,0.41876042375186423
76,15,friend,0.6745397216842942
30,51,acquaintance,0.1894497080071443
10,28,acquaintance,0.33753834268526806
25,52,acquaintance,0.3085805689515155
49,95,acquaintance,0.4590235391368571
88,4,acquaintance,0.20488928876677007
77,44,friend,0.6290248800157316
40,24,acquaintance,0.3023851650223984
49,84,acquaintance,0.04039737595159995
23,98,friend,0.9682799750022067
53,19,acquaintance,0.2904858340387599
75,69,acquaintance,0.24322809384570854
69,29,acquaintance,0.46842371032959695
93,92,acquaintance,0.3170050261296674
92,29,acquaintance,0.35340123738687595
18,81,acquaintance,0.30720919776770567
1,32,acquaintance,0.27362248684634105
87,66,acquaintance,0.4760543598882724
35,96,friend,0.5348093710942075
19,53,acquaintance,0.14232175410265951
86,30,friend,0.7447831084737788
77,12,friend,0.7457246111472495
67,71,acquaintance,0.3150710008764598
94,14,acquaintance,0.2230180234311123
88,92,friend,0.7511724274731877
27,75,friend,0.8417820873987438
6,7,acquaintance,0.284026581038594
30,35,friend,0.6551874350340804
21,86,acquaintance,0.2308084175746719
39,76,acquaintance,0.38441746140769567
62,39,friend,0.7389921608910952
71,52,acquaintance,0.3164764617482273
58,88,friend,0.592160637225111
84,51,friend,0.5876288305184527
1,46,friend,0.6832226276313639
90,73,friend,0.7732203800234715
88,94,friend,0.7076434907890333
73,16,acquaintance,0.23466621344452573
52,83,friend,0.7514981041151277
89,23,acquaintance,0.26552384058956513
46,67,acquaintance,0.2337556193342814
99,9,acquaintance,0.20240686276257575
3,52,friend,0.8058523416734911
18,32,acquaintance,0.36532231741862076
97,83,acquaintance,0.0916448469888283
53,64,acquaintance,0.5994585058746413
85,76,friend,0.7192755593402491
55,38,friend,0.6552921102716803
27,93,friend,0.9907289243670846
57,64,friend,0.8663390832176138
94,45,acquaintance,0.15050942771843
22,11,acquaintance,0.1992154854199432
17,82,friend,0.8308849540038635
13,40,friend,0.9375397637600797
37,69,acquaintance,0.4101489816789969
89,65,acquaintance,0.466491804813298
36,2,acquaintance,0.35544606055035494
53,15,friend,0.6961482465356921
67,93,acquaintance,0.2218584904057982
91,60,friend,0.802283868072717
80,43,friend,0.34839020855460345
75,46,acquaintance,0.22312372645718057
28,11,acquaintance,0.46033494928781243
44,91,friend,0.9352633769254104
68,99,friend,0.591116608815266
22,72,friend,0.8036807359421818
50,83,acquaintance,0.25644841275203495
66,8,acquaintance,0.3093253835823253
98,9,acquaintance,0.0
36,56,acquaintance,0.28827466776163363
19,24,acquaintance,0.20022176746376316
48,34,acquaintance,0.3396781995117857
41,83,friend,0.5772729764052968
11,48,acquaintance,0.2747854392009062
47,89,friend,0.6949219185321085
81,91,friend,0.8984367254412418
31,20,friend,0.7380209845582028
62,92,friend,0.5096223438627551
41,19,acquaintance,0.0
27,11,friend,0.8270300521255666
75,68,friend,0.8430323601652002
56,46,acquaintance,0.08201417623748078
28,48,acquaintance,0.1988981304844122
26,27,acquaintance,0.185785224117469
4,66,acquaintance,0.0406612205158246
30,1,friend,0.6970011840333694
71,24,acquaintance,0.5221162125600357
42,88,acquaintance,0.13868607107056696
5,82,acquaintance,0.3946875626932651
94,74,friend,0.7881642214775139
54,91,friend,0.6212807851313159
26,56,friend,0.7550734099418785
48,21,acquaintance,0.37435524235350504
90,41,acquaintance,0.44031123976643627
10,17,friend,0.852424337532815
40,76,acquaintance,0.42688943586661454
61,60,friend,0.9347833409454704
62,8,friend,0.8741726857247073
12,87,friend,0.692129240612322
70,14,friend,0.5373994025797256
58,31,acquaintance,0.10297043608145251
20,95,friend,0.7255860359777793
72,90,friend,0.7699912901017069
99,89,friend,0.7747642941675102
76,67,friend,0.768131582890084
46,5,friend,0.6876163399473971
81,80,acquaintance,0.2905225870100583
22,36,friend,0.829783822369105
97,90,acquaintance,0.11388938170505708
86,68,acquaintance,0.4827038179184971
72,67,friend,0.8328945646777685
81,10,friend,0.8506051680496032
77,92,acquaintance,0.31111187193898826
78,79,friend,0.8457447510786171
77,71,friend,0.5850111019551163
71,24,acquaintance,0.0
0,59,acquaintance,0.28283268833434755
50,41,friend,0.7496327949861303
52,2,acquaintance,0.2704147519230292
50,61,acquaintance,0.2641133873837277
78,74,friend,0.6596925982011557
79,69,acquaintance,0.08523215203384729
70,91,acquaintance,0.13089138687509755
22,87,friend,0.7523690775243942
59,98,acquaintance,0.04411215070936822
97,80,acquaintance,0.11925529848177663
0,3,acquaintance,0.2817310475971787
58,13,acquaintance,0.11881007735034313
91,84,acquaintance,0.27910794129128347
91,40,friend,0.7742976110960826
84,88,friend,0.6951789863144925
9,18,friend,0.6447397631283674
58,80,friend,0.41125921882890426
21,53,acquaintance,0.14515119484127192
77,27,friend,0.6057689572018312
74,32,acquaintance,0.3663927708632283
96,19,acquaintance,0.43029984172533153
49,11,acquaintance,0.3049040418443258
49,19,friend,0.5841303553500259
11,89,friend,0.9651685125380123
14,31,acquaintance,0.24681548590522367
47,54,friend,0.8761925835955298
82,81,acquaintance,0.24342187499322074
55,39,friend,0.4099682168635002
81,79,acquaintance,0.5095606178203794
31,51,friend,0.7370263881737991
18,38,acquaintance,0.29702150280216694
62,72,friend,0.8040794448507071
53,27,acquaintance,0.2535909845839033
20,41,acquaintance,0.04954992163651539
66,94,acquaintance,0.32636442723205705
5,40,friend,0.9555134964317785
62,48,friend,0.7045819522123574
27,43,friend,1.0
43,29,acquaintance,0.06931609355410748
37,59,friend,0.7491975234048436
87,12,friend,0.6649559539407226
39,45,acquaintance,0.28483026710363446
33,22,acquaintance,0.23456339604673598
80,16,friend,0.966139269600904
81,80,acquaintance,0.2323515132601502
23,36,acquaintance,0.20093570992606954
48,35,acquaintance,0.199694714254541
87,98,acquaintance,0.3612470016905645
76,11,acquaintance,0.0
16,65,friend,0.7095908390734613
75,17,friend,0.43070647146026725
76,51,acquaintance,0.33602380689214156
76,65,friend,0.860832636708541
73,31,acquaintance,0.1523417456570805
91,90,friend,0.5572523761668794
79,51,friend,0.7415793258210345
83,18,friend,0.44972393876158706
26,9,acquaintance,0.2431450541789148
76,70,acquaintance,0.17941780476551916
84,50,friend,0.5562355571312605
2,4,friend,0.6502000780290178
25,55,acquaintance,0.29776547106425
6,62,acquaintance,0.12294534718436921
56,51,friend,0.5650361560800495
61,9,acquaintance,0.257540402949739
20,8,acquaintance,0.19080053821736456
52,71,friend,0.9407366438669548
47,88,friend,0.7301028895284367
2,54,acquaintance,0.33208463872155813
43,76,friend,0.7818429251662323
36,23,acquaintance,0.17551497263795757
85,34,friend,0.9007583620637509
44,26,acquaintance,0.22225428896623087
58,45,friend,0.7159283859809729
26,32,friend,0.7083214703866215
90,72,acquaintance,0.35117029002376215
13,6,acquaintance,0.22258661683433864
75,43,friend,0.7370183482032122
69,89,friend,0.9233068158025415
61,6,friend,0.6638930761299002
50,15,acquaintance,0.23181536681259732
32,20,friend,0.8383220438259442
58,98,friend,0.7371433784814442
46,2,friend,0.8363115049361303
11,35,acquaintance,0.24559680911107182
80,12,friend,0.6085033473273992
29,3,acquaintance,0.05152308511455159
64,63,acquaintance,0.12560589940826544
33,10,friend,0.6814581947856932
4,52,acquaintance,0.08250884445903611
37,48,friend,0.9331953037419017
52,32,acquaintance,0.37908353878493906
24,21,friend,1.0
85,99,friend,0.842431214052393
20,16,acquaintance,0.16414873333135652
97,18,acquaintance,0.13843469528366467
43,64,friend,0.50624759367498
73,25,acquaintance,0.2743245113419133
68,28,acquaintance,0.06624735180402641
52,13,friend,0.8052301266005761
10,27,friend,1.0
62,97,friend,0.673510167496937
56,39,friend,0.8148766507403923
85,65,acquaintance,0.22043358283449088
81,87,friend,0.6656197951852527
73,19,acquaintance,0.0
42,98,acquaintance,0.2944216524692289
40,79,friend,0.7028333500705524
80,94,acquaintance,0.3742834192415923
11,24,friend,0.9367641618670433
26,37,friend,0.6398176970732894
30,55,acquaintance,0.24883906268165587
18,41,friend,0.6904064407314032
14,33,friend,0.7166368095603245
69,80,friend,0.3937255665616471
15,93,acquaintance,0.21297894465220854
9,35,acquaintance,0.3233872655591559
27,55,acquaintance,0.385407786946527
41,57,acquaintance,0.00039378101753892447
91,69,acquaintance,0.41685697726166815
67,0,friend,0.7035663248739218
41,92,friend,0.6937489165401406
18,54,acquaintance,0.08443190568945053
86,15,acquaintance,0.06227750097139484
13,85,friend,0.6144715703488113
81,20,friend,0.6997275101240432
78,15,acquaintance,0.24429196876700668
94,18,friend,0.7797777950486332
71,65,acquaintance,0.3076547423837313
29,61,acquaintance,0.31247879399692635
88,24,friend,0.6611763204581316
67,52,friend,0.378974718236718
34,51,friend,0.6032999996458481
18,57,friend,0.5988092867333412
34,72,friend,0.8134144176241471
44,37,friend,0.99236825401008
36,73,acquaintance,0.21712711280308114
3,28,friend,0.8797478282674288
58,6,acquaintance,0.0
6,68,friend,0.8399285157289104
85,21,friend,0.8517044957914488
37,34,acquaintance,0.3865563530364185
62,32,acquaintance,0.26672590130364554
8,43,acquaintance,0.08911821148820703
0,70,friend,0.6341953154919691
54,66,friend,0.5908558217281323
44,48,friend,0.46448134750202674
66,27,friend,0.7951322264252499
32,9,friend,0.9320240545545064
80,83,acquaintance,0.2519496442024933
83,38,friend,0.7939682953689424
46,50,friend,0.9008073010547288
83,73,friend,0.9803988813080549
51,32,friend,0.5988735904909409
17,63,friend,0.7601537271886952
84,97,acquaintance,0.0
45,79,friend,0.612131170244352
14,38,friend,0.8017429373986602
5,85,acquaintance,0.26638820217367254
67,25,acquaintance,0.39194383899117713
55,24,acquaintance,0.03653772511639855
54,4,acquaintance,0.3280974416210318
32,99,friend,0.9107192305476655
97,86,acquaintance,0.31792142954772706
38,21,friend,0.5290294936694652
85,21,friend,0.5358098041064452
30,92,friend,0.5450279458539705
65,21,friend,0.6708294935431763
4,97,friend,0.7948499828053432
19,42,acquaintance,0.43245323426067167
75,85,friend,0.6963873874670644
33,66,acquaintance,0.25682337993442456
28,90,friend,0.811995518910249
76,75,friend,0.6657931876047376
62,92,friend,0.8188452252990248
24,69,acquaintance,0.03538012939487448
39,14,friend,0.6063887873406613
33,92,friend,0.6159309420716867
3,36,friend,0.879606717879149
70,80,acquaintance,0.3133711730527977
83,16,friend,0.39189673867976527
32,54,acquaintance,0.2901710246518764
17,39,acquaintance,0.1493449063832465
38,5,acquaintance,0.33224725202282174
63,20,acquaintance,0.2891701907153549
60,76,friend,0.7161502923029461
97,81,acquaintance,0.17471100050076843
79,10,acquaintance,0.17233400468480647
17,80,friend,1.0
9,22,friend,0.6660582431338893
17,1,acquaintance,0.33304171996585047
62,10,friend,0.8916986111526607
64,36,acquaintance,0.1445355361479098
49,30,friend,0.6320603869199417
74,79,friend,0.5711782274206546
52,92,acquaintance,0.0
46,39,friend,0.7157314635685164
29,3,acquaintance,0.3339503036654927
76,83,friend,0.588683370267684
44,17,friend,0.7346520819592629
52,74,friend,0.7849664370287532
17,85,acquaintance,0.3354745306001566
9,90,friend,0.916883997091248
14,44,friend,0.573020800882736
26,12,acquaintance,0.29118046730656166
11,34,friend,0.7074674148975103
77,86,friend,0.6855606344705205
99,3,friend,1.0
95,19,friend,0.9997945164531212
44,27,acquaintance,0.30059978795406045
34,18,friend,0.7330379126670291
68,71,acquaintance,0.14642519095315662
96,35,acquaintance,0.0
20,32,friend,0.9260120140805734
0,23,friend,0.6222631157860774
84,92,friend,0.8670233860988521
33,78,friend,0.752280533359494
44,9,acquaintance,0.18978727550876862
85,89,friend,0.5375947288543825
65,52,friend,0.6656581697129673
83,88,acquaintance,0.207522896759027
38,53,acquaintance,0.2569490434576254
26,22,acquaintance,0.062354364805966705
0,50,acquaintance,0.09077165131777304
93,51,friend,0.8641766996661433
99,63,friend,0.7670930650395886
32,80,friend,0.6743427013377625
96,43,friend,0.6553745943713978
87,58,friend,0.7574783626015427
56,36,acquaintance,0.06938609945731261
20,45,acquaintance,0.37184390068575357
70,2,friend,0.7905415060324197
21,13,acquaintance,0.49655101619996117
26,39,acquaintance,0.17651686861992588
72,44,acquaintance,0.1360413348148941
58,77,friend,0.9081887688350638
71,8,acquaintance,0.4062021542002163
62,0,acquaintance,0.36999565884940083
22,71,friend,0.761327797411143
42,89,friend,0.8907393828987056
75,16,friend,0.839640146075747
78,86,friend,0.9475532537240998
88,59,acquaintance,0.07273031463857166
70,19,acquaintance,0.30664311656175103
91,4,friend,0.8240126027553845
47,84,acquaintance,0.2636385770638797
39,93,friend,0.9148691951101405
71,94,friend,0.7479302500169326
64,43,friend,0.7199123557564672
45,4,acquaintance,0.6089295176401601
97,29,friend,0.5975376157538179
34,70,friend,0.7669712785414803
82,17,acquaintance,0.23864514592803823
81,25,acquaintance,0.0
64,75,acquaintance,0.34837606996125947
89,35,acquaintance,0.36864204806478396
62,78,friend,0.8862454212931565
47,46,friend,0.6715677065428757
98,62,acquaintance,0.0805342464593978
81,87,friend,0.7996607222152682
84,56,friend,0.8526758437039855
94,16,friend,0.9394658394108308
1,32,acquaintance,0.09099842859140753
43,80,acquaintance,0.3195746857369324
58,85,acquaintance,0.35535789581787425
88,29,acquaintance,0.24119641392734686
32,78,friend,0.771452468721538
52,57,friend,1.0
12,3,friend,0.5198934494793069
72,61,acquaintance,0.3572864883797674
59,57,friend,0.6368269514970508
33,23,friend,0.8001665634234734
10,95,friend,0.8346926318418897
74,83,acquaintance,0.4975700209494232
48,64,friend,1.0
82,87,acquaintance,0.4909555734350028
51,15,acquaintance,0.4309033863649129
67,19,friend,1.0
7,98,acquaintance,0.2908053870508874
4,76,friend,0.6766025958856567
10,88,acquaintance,0.09978323694938573
36,53,acquaintance,0.1402793463937704
49,87,acquaintance,0.5210416772365434
45,62,friend,0.7581747525999765
59,85,acquaintance,0.0
38,15,friend,0.8146259968359145
1,96,friend,0.852173198118267
98,64,acquaintance,0.28333251672375515
47,63,friend,0.537666172201515
87,78,acquaintance,0.2422537858558195
24,98,friend,0.8544773143311997
16,48,acquaintance,0.38958968244961917
75,9,friend,0.9654938374171691
58,69,acquaintance,0.3321547652529447
54,84,acquaintance,0.2901626771254528
72,69,friend,0.8348119540201582
78,85,friend,0.8641569744605219
91,15,friend,0.7945378107145433
90,46,friend,0.6724099014704452
6,57,friend,0.7077934395568777
31,6,acquaintance,0.21165962303011282
16,42,friend,0.7969246377774082
31,21,friend,0.749019344393596
60,78,friend,0.7352298385571072
99,33,acquaintance,0.24637974986199787
12,74,acquaintance,0.27878795267129597
91,22,acquaintance,0.028299510928627286
25,35,acquaintance,0.0
88,95,friend,0.6670130180678763
58,32,friend,0.9894098074093621
59,45,acquaintance,0.18671417340537427
79,87,acquaintance,0.07463406560887079
68,66,acquaintance,0.3282524280154657
56,31,acquaintance,0.12814155493152152
89,48,acquaintance,0.2646154831870777
68,35,friend,0.7278042201535377
72,74,friend,0.6962609851504946
59,7,friend,0.6514299874151217
7,76,acquaintance,0.3385204030221366
86,26,friend,0.7442602728052121
5,69,acquaintance,0.14662869526524477
15,65,acquaintance,0.24353788152752306
94,43,acquaintance,0.3330354351034108
10,95,friend,0.7912186966807537
30,43,acquaintance,0.27082297101335284
49,55,acquaintance,0.24661808477649572
28,13,friend,0.542459741370801
89,39,acquaintance,0.15874090476637104
52,10,acquaintance,0.633259131406884
73,83,friend,0.6577256004560513
51,92,friend,0.8830734138348952
0,23,acquaintance,0.27305170254703914
67,57,friend,0.748800440122064
3,79,acquaintance,0.0
62,56,friend,0.9513014496087355
97,59,friend,0.7755783968457117
47,16,acquaintance,0.410951688537041
9,95,acquaintance,0.33591642494846286
7,58,acquaintance,0.41829091852903977
8,73,friend,0.7449279553169506
29,91,acquaintance,0.24578374759879404
90,83,friend,0.7650826112568275
65,20,friend,0.5468803541137968
20,54,friend,0.6470344855357858
25,92,acquaintance,0.29712556482593117
21,64,friend,0.9547004593096656
0,23,friend,0.6870210956391445
93,24,friend,0.7097023087530402
12,66,acquaintance,0.32412338147896647
85,58,friend,0.6664620499804039
94,32,friend,0.8467261091482916
80,97,friend,0.6063845685780035
27,41,friend,0.737102657527406
15,73,acquaintance,0.18931288598581897
84,7,friend,0.6302027777397756
4,3,acquaintance,0.25873927387113227
21,40,friend,0.8164134050063292
71,27,friend,0.7641154516741989
3,59,acquaintance,0.2551386670934306
12,40,acquaintance,0.108542546791247
